"Listing Number"|"Neighborhood"|"Price"|"Bedrooms"|"Bathrooms"|"House Size"|"Description"|"Neighborhood Description"
1|"Willow Creek"|"$950,000"|"4"|"3.5"|"2,500 sqft"|"Step into luxury living in this stunning 4-bedroom, 3.5-bathroom home in the desirable Willow Creek neighborhood. The spacious open floor plan is perfect for entertaining, with a gourmet kitchen featuring high-end appliances and a large island. The master suite boasts a spa-like bathroom with a soaking tub and walk-in shower. Enjoy the outdoor oasis with a covered patio, lush landscaping, and a sparkling pool. This home is perfect for those who appreciate modern design and upscale living."|"Willow Creek is known for its upscale homes, tree-lined streets, and top-rated schools. Residents enjoy easy access to shopping, dining, and entertainment options at the nearby Willow Creek Town Center. With parks, walking trails, and a strong sense of community, Willow Creek offers the perfect blend of luxury and comfort."
2|"Riverfront Estates"|"$875,000"|"4"|"3.5"|"2,800 sqft"|"Step into luxury living in this stunning 4-bedroom, 3.5-bathroom home in Riverfront Estates. The grand foyer welcomes you into a spacious open floor plan with high ceilings and elegant finishes throughout. The gourmet kitchen features top-of-the-line appliances, granite countertops, and a large island perfect for entertaining. Retreat to the master suite with a spa-like bathroom and walk-in closet. Enjoy the outdoor living space with a covered patio, lush landscaping, and views of the river. This home is perfect for those who appreciate both luxury and comfort."|"Riverfront Estates is a prestigious community known for its waterfront properties and upscale amenities. Residents enjoy access to private parks, walking trails, and a community clubhouse. With convenient access to shopping, dining, and entertainment options, Riverfront Estates offers the perfect blend of tranquility and convenience."
3|"Meadowbrook Heights"|"$820,000"|"3"|"2.5"|"2,100 sqft"|"Step into this modern and stylish 3-bedroom, 2.5-bathroom home located in the desirable Meadowbrook Heights neighborhood. The open floor plan features a gourmet kitchen with stainless steel appliances, quartz countertops, and a large island perfect for entertaining. The spacious master suite includes a walk-in closet and a luxurious en-suite bathroom with a soaking tub and dual vanities. Enjoy the beautifully landscaped backyard with a patio for outdoor dining and relaxation. This home is perfect for those seeking a blend of comfort and sophistication in a prime location."|"Meadowbrook Heights is known for its family-friendly atmosphere and proximity to top-rated schools, parks, and shopping centers. Residents can enjoy the nearby Meadowbrook Park for outdoor activities or take a short drive to the bustling downtown area for dining and entertainment options. With easy access to major highways and public transportation, Meadowbrook Heights offers convenience and a high quality of life for its residents."
4|"Oakwood Heights"|"$825,000"|"4"|"3"|"2,300 sqft"|"Step into this modern and spacious 4-bedroom, 3-bathroom home located in the desirable Oakwood Heights neighborhood. The open floor plan is perfect for entertaining, with a gourmet kitchen featuring stainless steel appliances and granite countertops. The master suite offers a luxurious retreat with a spa-like bathroom and walk-in closet. Enjoy the outdoor patio and landscaped backyard, ideal for summer BBQs and gatherings. This home is perfect for families looking for both style and comfort in a prime location."|"Oakwood Heights is known for its tree-lined streets, friendly neighbors, and top-rated schools. Residents can enjoy nearby parks, shopping centers, and restaurants. With easy access to major highways and public transportation, commuting to downtown is convenient. Experience the best of suburban living in Oakwood Heights."
5|"Evergreen Hills"|"$825,000"|"3"|"2.5"|"2,100 sqft"|"Step into this modern and energy-efficient 3-bedroom, 2.5-bathroom home located in the desirable Evergreen Hills neighborhood. This eco-friendly property features a smart thermostat, LED lighting, and low-flow fixtures throughout. The spacious open-concept living area is perfect for entertaining, with a gourmet kitchen equipped with stainless steel appliances and quartz countertops. The master suite offers a luxurious retreat with a spa-like ensuite bathroom and walk-in closet. Enjoy the serene backyard oasis with a patio and lush landscaping, ideal for relaxing or hosting gatherings. Embrace sustainable living in style in this stunning Evergreen Hills home."|"Evergreen Hills is a sought-after community known for its tree-lined streets, parks, and top-rated schools. Residents can enjoy nearby hiking trails, shopping centers, and dining options. With easy access to major highways and public transportation, commuting to Silicon Valley or San Francisco is convenient. Experience the perfect blend of suburban tranquility and urban convenience in Evergreen Hills."
6|"Green Oaks"|"$800,000"|"3"|"2"|"2,000 sqft"|"Step into this beautifully designed 3-bedroom, 2-bathroom home in the sought-after Green Oaks neighborhood. The open floor plan seamlessly connects the living room, dining area, and kitchen, creating a perfect space for entertaining. The kitchen features stainless steel appliances, granite countertops, and ample storage. The master bedroom boasts a walk-in closet and en-suite bathroom with a luxurious soaking tub. Enjoy the serene backyard with a patio and lush landscaping, ideal for relaxing or hosting gatherings. This home is the epitome of modern living in a vibrant community."|"Green Oaks is known for its tree-lined streets, friendly neighbors, and proximity to parks and recreational facilities. Residents can enjoy the nearby Green Oaks Community Center, which offers fitness classes, sports leagues, and community events. With top-rated schools, shopping centers, and dining options just a short drive away, Green Oaks provides the perfect balance of convenience and tranquility. Experience the best of suburban living in this charming neighborhood."
7|"Charming 2-bed, 2-bath cottage in Pinecrest Village, $750,000, 1,800 sqft."|"Description: Step into this cozy 2-bedroom, 2-bathroom cottage in the picturesque Pinecrest Village. The home features a spacious living area with a fireplace, perfect for cozy nights in. The kitchen boasts stainless steel appliances and granite countertops, ideal for the home chef. Enjoy the serene backyard with a deck and lush landscaping, perfect for outdoor entertaining. This charming cottage is the perfect blend of comfort and style in the heart of Pinecrest Village."|"Neighborhood Description: Pinecrest Village is a quaint and peaceful neighborhood with tree-lined streets and friendly neighbors. Enjoy easy access to local shops, restaurants, and parks. Take a leisurely stroll through the nearby Pinecrest Park or relax at the community pool. With top-rated schools and a strong sense of community, Pinecrest Village is the perfect place to call home."
8|"Green Oaks"|"$800,000"|"3"|"2"|"2,000 sqft"|"Step into this beautifully designed 3-bedroom, 2-bathroom home in the sought-after Green Oaks neighborhood. The open floor plan seamlessly connects the living room, dining area, and kitchen, creating a perfect space for entertaining. The kitchen features stainless steel appliances, granite countertops, and ample storage. The master bedroom boasts a walk-in closet and en-suite bathroom with a luxurious soaking tub. Enjoy the serene backyard oasis with a patio and lush landscaping, ideal for relaxing or hosting gatherings. This home is the epitome of modern living in a vibrant community."|"Green Oaks is known for its tree-lined streets, parks, and friendly atmosphere. Residents can enjoy local cafes, restaurants, and boutique shops within walking distance. The neighborhood is also close to top-rated schools, making it an ideal location for families. With easy access to highways and public transportation, commuting to downtown and other parts of the city is convenient. Experience the perfect blend of suburban tranquility and urban convenience in Green Oaks."
9|"Green Oaks"|"$800,000"|"3"|"2"|"2,000 sqft"|"Step into this beautifully designed 3-bedroom, 2-bathroom home in the sought-after Green Oaks neighborhood. The open floor plan seamlessly connects the living room, dining area, and kitchen, creating a perfect space for entertaining. The kitchen features stainless steel appliances, granite countertops, and ample storage. The master bedroom boasts a walk-in closet and en-suite bathroom with a luxurious soaking tub. Enjoy the serene backyard with a patio, perfect for relaxing or hosting summer BBQs. This home is the epitome of modern living in a vibrant community."|"Green Oaks is known for its lush greenery, tree-lined streets, and friendly atmosphere. Residents enjoy easy access to local parks, hiking trails, and community events. The neighborhood is also home to top-rated schools, trendy cafes, and boutique shops. With a strong sense of community and a focus on sustainability, Green Oaks is the perfect place to call home."
10|"Green Oaks"|"$800,000"|"3"|"2"|"2,000 sqft"|"Step into this modern 3-bedroom, 2-bathroom eco-friendly home in the desirable Green Oaks neighborhood. The house features energy-efficient solar panels, a well-insulated structure, and eco-conscious finishes throughout. Natural light floods the open-concept living spaces, showcasing the beautiful hardwood floors. The kitchen and dining area lead to a spacious backyard with a vegetable garden, perfect for sustainable living. Embrace a green lifestyle without sacrificing style in this Green Oaks gem."|"Green Oaks is a vibrant and environmentally-conscious community with access to organic markets, community gardens, and bike paths. Enjoy leisurely walks in Green Oaks Park or grab a coffee at the nearby Green Bean Cafe. Commuting is a breeze with convenient access to public transportation and bike lanes. Experience the perfect blend of nature and urban living in Green Oaks."
